rating,Team,mu,sd,name,coefs,index,player_id
13.21905832,Houston Rockets,8.199831667,5,Chris Paul,3.519129603,358,101108
13.21905832,Houston Rockets,0.778173333,5,Clint Capela,-0.888388905,432,203991
13.21905832,Houston Rockets,4.31434,5,Eric Gordon,4.910092215,75,201569
13.21905832,Houston Rockets,0.066666667,5,Isaiah Canaan,-6.209009575,433,203477
13.21905832,Houston Rockets,9.433133,5,James Harden,8.733328601,207,201935
13.21905832,Houston Rockets,0.705651667,5,Luc Mbah a Moute,-5.932944315,209,201601
13.21905832,Houston Rockets,6.526151667,5,Ryan Anderson,-1.816492879,236,201583
13.21905832,Houston Rockets,2.473637333,5,Trevor Ariza,-3.092558021,359,2772
13.21905832,Houston Rockets,0.490460667,5,Troy Williams,-1.49669163,237,1627786
13.21905832,Houston Rockets,0.271871667,5,Zhou Qi,-0.435868456,370,1627753
12.68894695,Golden State Warriors,4.938271667,5,Andre Iguodala,-1.374854,102,2738
12.68894695,Golden State Warriors,0.437537,5,Damian Jones,2.29244699,202,1627745
12.68894695,Golden State Warriors,5.466666667,5,Draymond Green,2.534582666,20,203110
12.68894695,Golden State Warriors,0.705651667,5,JaVale McGee,3.457613528,88,201580
12.68894695,Golden State Warriors,0.271871667,5,Jordan Bell,0.745723479,22,1628395
12.68894695,Golden State Warriors,8.333333333,5,Kevin Durant,1.804896411,403,201142
12.68894695,Golden State Warriors,0.490460667,5,Kevon Looney,3.87527702,500,1626172
12.68894695,Golden State Warriors,5.94205,5,Klay Thompson,1.778056212,80,202691
12.68894695,Golden State Warriors,1.730666667,5,Nick Young,-2.690505279,276,201156
12.68894695,Golden State Warriors,0.702156667,5,Omri Casspi,2.582217173,218,201956
12.68894695,Golden State Warriors,0.437537,5,Patrick McCaw,-2.049389372,286,1627775
12.68894695,Golden State Warriors,2.564102667,5,Shaun Livingston,-2.37554796,103,2733
12.68894695,Golden State Warriors,11.56085,5,Stephen Curry,10.2252196,317,201939
12.68894695,Golden State Warriors,1.1592,5,Zaza Pachulia,-1.717101597,292,2585
9.70057401,Philadelphia 76ers,3.666666667,5,Amir Johnson,-3.053483882,9,101161
9.70057401,Philadelphia 76ers,2.05628,5,Ben Simmons,-1.943207998,381,1627732
9.70057401,Philadelphia 76ers,0.80752,5,Dario Saric,3.551428648,494,203967
9.70057401,Philadelphia 76ers,0.48864,5,Furkan Korkmaz,1.551903435,214,1627788
9.70057401,Philadelphia 76ers,1.66504,5,Jahlil Okafor,-1.665633528,497,1626143
9.70057401,Philadelphia 76ers,3,5,Jerryd Bayless,1.438048069,153,201573
9.70057401,Philadelphia 76ers,2.033422,5,Joel Embiid,7.2960834,190,203954
9.70057401,Philadelphia 76ers,0.52648,5,Justin Anderson,-0.544061967,179,1626147
9.70057401,Philadelphia 76ers,2.34208,5,Markelle Fultz,-4.95090715,213,1628365
9.70057401,Philadelphia 76ers,1.269048667,5,Nik Stauskas,-5.223402556,107,203917
9.70057401,Philadelphia 76ers,0.490460667,5,Richaun Holmes,-0.500037423,48,1626158
9.70057401,Philadelphia 76ers,5.566034333,5,Robert Covington,6.690148914,212,203496
9.70057401,Philadelphia 76ers,0.490460667,5,T.J. McConnell,-12.6039306,11,204456
9.70057401,Philadelphia 76ers,0.4622,5,Timothe Luwawu-Cabarrot,-1.704618126,306,1627789
9.675652863,Utah Jazz,3.615168667,5,Alec Burks,0.769787093,53,202692
9.675652863,Utah Jazz,1.664128333,5,Dante Exum,-0.769369925,379,203957
9.675652863,Utah Jazz,4,5,Derrick Favors,-4.817264057,280,202324
9.675652863,Utah Jazz,0.87376,5,Donovan Mitchell,1.848238843,459,1628378
9.675652863,Utah Jazz,1.066666667,5,Ekpe Udoh,0.764946502,421,202327
9.675652863,Utah Jazz,4.712121333,5,Joe Ingles,3.694452938,503,204060
9.675652863,Utah Jazz,1.333333333,5,Jonas Jerebko,3.847145697,411,201973
9.675652863,Utah Jazz,0.490460667,5,Raul Neto,5.165582472,169,203526
9.675652863,Utah Jazz,4.758333333,5,Ricky Rubio,7.459913796,170,201937
9.675652863,Utah Jazz,0.795621333,5,Rodney Hood,-0.334802592,227,203918
9.675652863,Utah Jazz,7.324906333,5,Rudy Gobert,2.266193752,112,203497
9.675652863,Utah Jazz,1.75,5,Thabo Sefolosha,0.331144953,337,200757
9.675652863,Utah Jazz,0.47164,5,Tony Bradley,-1.363162455,444,1628396
8.526489449,Oklahoma City Thunder,1.908333333,5,Alex Abrines,-5.679993164,245,203518
8.526489449,Oklahoma City Thunder,8.74792,5,Carmelo Anthony,-4.934011686,357,2546
8.526489449,Oklahoma City Thunder,0.508101667,5,Jerami Grant,-0.945013098,340,203924
8.526489449,Oklahoma City Thunder,1.730666667,5,Patrick Patterson,1.873537865,508,202335
8.526489449,Oklahoma City Thunder,6.502986,5,Paul George,5.849547638,425,202331
8.526489449,Oklahoma City Thunder,0.776217333,5,Raymond Felton,1.981786121,373,101109
8.526489449,Oklahoma City Thunder,9.510202667,5,Russell Westbrook,4.330412351,244,201566
8.526489449,Oklahoma City Thunder,7.490636667,5,Steven Adams,3.913315173,129,203500
8.526489449,Oklahoma City Thunder,0.595,5,Terrance Ferguson,-5.46470954,127,1628390
8.267971906,Boston Celtics,0.389111,5,Abdel Nader,-11.45031602,130,1627846
8.267971906,Boston Celtics,9.244801667,5,Al Horford,6.318148291,321,201143
8.267971906,Boston Celtics,1.442666667,5,Aron Baynes,-2.359759861,178,203382
8.267971906,Boston Celtics,0.271871667,5,Daniel Theis,1.508158566,141,1628464
8.267971906,Boston Celtics,0.030952667,5,Demetrius Jackson,-1.072410205,516,1627743
8.267971906,Boston Celtics,9.9093,5,Gordon Hayward,6.974004242,462,202330
8.267971906,Boston Celtics,0.74916,5,Guerschon Yabusele,-3.115336078,181,1627824
8.267971906,Boston Celtics,1.65216,5,Jaylen Brown,-8.33879316,2,1627759
8.267971906,Boston Celtics,1.8818,5,Jayson Tatum,3.790331179,1,1628369
8.267971906,Boston Celtics,6.289541667,5,Kyrie Irving,7.474955924,405,202681
8.267971906,Boston Celtics,1.666666667,5,Marcus Morris,-4.003746685,0,202694
8.267971906,Boston Celtics,1.512673333,5,Marcus Smart,-2.526955305,492,203935
8.267971906,Boston Celtics,0.430630667,5,Semi Ojeleye,0.808617368,182,1628400
8.267971906,Boston Celtics,0.66284,5,Terry Rozier,-2.256051596,3,1626179
8.012503388,San Antonio Spurs,0.437537,5,Bryn Forbes,-0.870061908,242,1627854
8.012503388,San Antonio Spurs,3.333333333,5,Danny Green,10.07221859,465,201980
8.012503388,San Antonio Spurs,0.437537,5,Davis Bertans,2.200353808,98,202722
8.012503388,San Antonio Spurs,0.4682,5,Derrick White,4.975830908,423,1628401
8.012503388,San Antonio Spurs,6.289541667,5,Kawhi Leonard,-0.923429553,183,202695
8.012503388,San Antonio Spurs,0.717234667,5,Kyle Anderson,-2.069205135,216,203937
8.012503388,San Antonio Spurs,7.15367,5,LaMarcus Aldridge,-1.864602111,100,200746
8.012503388,San Antonio Spurs,3.571428667,5,Patty Mills,7.75496594,101,201988
8.012503388,San Antonio Spurs,5.333333333,5,Pau Gasol,0.065897617,498,2200
8.012503388,San Antonio Spurs,2.802,5,Rudy Gay,3.703052593,388,200752
8.012503388,San Antonio Spurs,5.151042,5,Tony Parker,6.373525311,253,2225
7.507833506,Minnesota Timberwolves,2.524774,5,Andrew Wiggins,3.076373756,352,203952
7.507833506,Minnesota Timberwolves,4.70412,5,Gorgui Dieng,-4.264043837,351,203476
7.507833506,Minnesota Timberwolves,3.647587333,5,Jamal Crawford,-3.567059171,374,2037
7.507833506,Minnesota Timberwolves,6.333333333,5,Jeff Teague,1.654368958,17,201952
7.507833506,Minnesota Timberwolves,6.43369,5,Jimmy Butler,1.837896263,451,202710
7.507833506,Minnesota Timberwolves,0.74916,5,Justin Patton,-0.272465646,493,1628383
7.507833506,Minnesota Timberwolves,2.07228,5,Karl-Anthony Towns,1.011620538,249,1626157
7.507833506,Minnesota Timberwolves,1.316666333,5,Nemanja Bjelica,-1.419381854,327,202357
7.507833506,Minnesota Timberwolves,4.666666667,5,Taj Gibson,-3.913796351,248,201959
7.507833506,Minnesota Timberwolves,0.490460667,5,Tyus Jones,-1.931877742,18,1626145
7.476474607,Portland Trail Blazers,2.439678333,5,Al-Farouq Aminu,0.787085426,400,202329
7.476474607,Portland Trail Blazers,0.48864,5,Caleb Swanigan,-1.131927743,372,1628403
7.476474607,Portland Trail Blazers,8.717685667,5,Damian Lillard,4.816413476,63,203081
7.476474607,Portland Trail Blazers,2.117510333,5,Ed Davis,3.253921946,496,202334
7.476474607,Portland Trail Blazers,5.710382667,5,Evan Turner,-2.85222898,187,202323
7.476474607,Portland Trail Blazers,0.437537,5,Jake Layman,-3.622521999,499,1627774
7.476474607,Portland Trail Blazers,0.982435,5,Jusuf Nurkic,5.081778844,301,203994
7.476474607,Portland Trail Blazers,3.387640667,5,Maurice Harkless,0.194566761,325,203090
7.476474607,Portland Trail Blazers,3.301498333,5,Meyers Leonard,-1.203423678,201,203086
7.476474607,Portland Trail Blazers,1.168411,5,Noah Vonleh,5.366275203,223,203943
7.476474607,Portland Trail Blazers,0.490460667,5,Pat Connaughton,0.315531812,199,1626192
7.476474607,Portland Trail Blazers,0.78712,5,Shabazz Napier,-0.989009848,446,203894
7.476474607,Portland Trail Blazers,1.01908,5,Zach Collins,0.448965722,458,1628380
7.100591941,New Orleans Pelicans,7.925168667,5,Anthony Davis,6.347052676,42,203076
7.100591941,New Orleans Pelicans,0.437537,5,Cheick Diallo,3.221349041,303,1627767
7.100591941,New Orleans Pelicans,0.766666667,5,Dante Cunningham,-2.834432961,369,201967
7.100591941,New Orleans Pelicans,0.7,5,Darius Miller,-2.102195196,78,203121
7.100591941,New Orleans Pelicans,6.021283333,5,DeMarcus Cousins,-7.200406076,402,202326
7.100591941,New Orleans Pelicans,0.271871667,5,Frank Jackson,-2.503738192,240,1628402
7.100591941,New Orleans Pelicans,0.525743333,5,Ian Clark,-2.277892211,336,203546
7.100591941,New Orleans Pelicans,8.562222333,5,Jrue Holiday,7.319063972,454,201950
7.100591941,New Orleans Pelicans,0.033333333,5,Quinn Cook,-4.242515463,254,1626188
7.100591941,New Orleans Pelicans,1.1,5,Rajon Rondo,-3.268296284,168,200765
7.100591941,New Orleans Pelicans,4.078845,5,Solomon Hill,-3.598701536,79,203524
6.91526888,Indiana Pacers,3.5,5,Bojan Bogdanovic,7.64900029,264,202711
6.91526888,Indiana Pacers,2.543333333,5,Cory Joseph,-0.873698656,119,202709
6.91526888,Indiana Pacers,3.333333333,5,Darren Collison,-0.285995141,121,201954
6.91526888,Indiana Pacers,0.85,5,Domantas Sabonis,0.125431146,377,1627734
6.91526888,Indiana Pacers,0.033333333,5,Georges Niang,-11.3828362,137,1627777
6.91526888,Indiana Pacers,0.316666667,5,Ike Anigbogu,-0.023720095,268,1628387
6.91526888,Indiana Pacers,1.393333333,5,Lance Stephenson,-0.294244644,363,202362
6.91526888,Indiana Pacers,0.85664,5,Myles Turner,-2.499233657,331,1626167
6.91526888,Indiana Pacers,4.932116,5,Thaddeus Young,0.214169593,117,201152
6.91526888,Indiana Pacers,7,5,Victor Oladipo,6.715519618,203,203506
6.899803629,Denver Nuggets,1.12716,5,Emmanuel Mudiay,2.322921659,87,1626144
6.899803629,Denver Nuggets,0.850018333,5,Gary Harris,1.525194389,251,203914
6.899803629,Denver Nuggets,1.11844,5,Jamal Murray,5.935951734,124,1627750
6.899803629,Denver Nuggets,4.307116,5,Kenneth Faried,1.655013482,393,202702
6.899803629,Denver Nuggets,0.56688,5,Malik Beasley,-5.375058331,285,1627736
6.899803629,Denver Nuggets,4.680365333,5,Mason Plumlee,-1.677844341,460,203486
6.899803629,Denver Nuggets,0.490460667,5,Nikola Jokic,3.969039156,505,203999
6.899803629,Denver Nuggets,10.423077,5,Paul Millsap,6.290998011,252,200794
6.899803629,Denver Nuggets,0.8138,5,Trey Lyles,0.034277737,445,1626168
6.899803629,Denver Nuggets,0.52648,5,Tyler Lydon,-3.287277809,304,1628399
6.899803629,Denver Nuggets,1.177777667,5,Will Barton,-4.092775517,290,203115
6.899803629,Denver Nuggets,4.005618,5,Wilson Chandler,0.995237766,116,201163
6.065728513,Washington Wizards,7.925168667,5,Bradley Beal,8.518778081,30,203078
6.065728513,Washington Wizards,5.553880333,5,Ian Mahinmi,-0.742276996,360,101133
6.065728513,Washington Wizards,1.741666667,5,Jason Smith,-1.234149999,140,201160
6.065728513,Washington Wizards,1.096666667,5,Jodie Meeks,1.653681857,471,201975
6.065728513,Washington Wizards,6.021283333,5,John Wall,-1.048476963,434,202322
6.065728513,Washington Wizards,4.260869667,5,Marcin Gortat,-0.623731453,263,101162
6.065728513,Washington Wizards,2.666666667,5,Markieff Morris,-3.114956375,144,202693
6.065728513,Washington Wizards,0.569846,5,Mike Scott,-4.329307041,93,203118
6.065728513,Washington Wizards,0.666666667,5,Tim Frazier,-3.23716631,382,204025
6.065728513,Washington Wizards,1,5,Tomas Satoransky,4.213512972,29,203107
5.484227899,Los Angeles Clippers,3.941666667,5,Austin Rivers,1.107680165,131,203085
5.484227899,Los Angeles Clippers,9.837633333,5,Blake Griffin,4.529567932,291,201933
5.484227899,Los Angeles Clippers,6.853199667,5,Danilo Gallinari,4.226132739,81,201568
5.484227899,Los Angeles Clippers,7.54745,5,DeAndre Jordan,1.286988851,502,201599
5.484227899,Los Angeles Clippers,0.271871667,5,Jawun Evans,-1.114003439,274,1628393
5.484227899,Los Angeles Clippers,2.333333333,5,Lou Williams,5.145053176,313,101150
5.484227899,Los Angeles Clippers,2,5,Milos Teodosic,0.485562941,441,1628462
5.484227899,Los Angeles Clippers,0.490460667,5,Montrezl Harrell,-3.627043648,82,1626149
5.484227899,Los Angeles Clippers,1.837838,5,Patrick Beverley,1.066915944,457,201976
5.484227899,Los Angeles Clippers,0.5982,5,Sam Dekker,-2.367740746,150,1626155
5.484227899,Los Angeles Clippers,0.271871667,5,Sindarius Thornwell,-5.544798958,501,1628414
5.484227899,Los Angeles Clippers,1.96042,5,Wesley Johnson,-8.479186156,367,202325
5.37038963,Charlotte Hornets,4.194756667,5,Cody Zeller,1.133560475,68,203469
5.37038963,Charlotte Hornets,0.271871667,5,Dwayne Bacon,3.783343995,408,1628407
5.37038963,Charlotte Hornets,7.833333333,5,Dwight Howard,-3.481600015,261,2730
5.37038963,Charlotte Hornets,0.9492,5,Frank Kaminsky,-0.137083315,311,1626163
5.37038963,Charlotte Hornets,2.333333333,5,Jeremy Lamb,7.07602469,67,203087
5.37038963,Charlotte Hornets,4,5,Kemba Walker,-1.005335825,23,202689
5.37038963,Charlotte Hornets,0.96816,5,Malik Monk,4.568035406,160,1628370
5.37038963,Charlotte Hornets,4.389583333,5,Marvin Williams,0.818035759,326,101107
5.37038963,Charlotte Hornets,0.9,5,Michael Carter-Williams,-4.064298993,510,203487
5.37038963,Charlotte Hornets,4.333333333,5,Michael Kidd-Gilchrist,3.700091208,66,203077
5.37038963,Charlotte Hornets,7.478261,5,Nicolas Batum,1.283475761,383,201587
5.37038963,Charlotte Hornets,0.437537,5,Treveon Graham,4.529242346,474,1626203
5.129756323,Miami Heat,0.83012,5,Bam Adebayo,0.230287961,72,1628389
5.129756323,Miami Heat,3.666666667,5,Dion Waiters,-1.147093747,92,203079
5.129756323,Miami Heat,5.666816667,5,Goran Dragic,5.957463584,73,201609
5.129756323,Miami Heat,7.925168667,5,Hassan Whiteside,2.263018206,234,202355
5.129756323,Miami Heat,4.651333333,5,James Johnson,-6.849357085,509,201949
5.129756323,Miami Heat,0.490460667,5,Josh Richardson,3.309578494,366,1626196
5.129756323,Miami Heat,0.90168,5,Justise Winslow,-1.25724846,139,1626159
5.129756323,Miami Heat,3.535723,5,Kelly Olynyk,5.232157328,470,203482
5.129756323,Miami Heat,0.437537,5,Okaro White,-0.401743876,487,1627855
5.129756323,Miami Heat,0.437537,5,Rodney McGruder,-4.210778383,74,203585
5.129756323,Miami Heat,1.96042,5,Tyler Johnson,-1.211206045,279,204020
5.129756323,Miami Heat,0.776217333,5,Udonis Haslem,-1.269823424,478,2617
5.129756323,Miami Heat,2.09,5,Wayne Ellington,-4.917338243,25,201961
5.107920036,Milwaukee Bucks,0.71168,5,D.J. Wilson,1.706562283,62,1628391
5.107920036,Milwaukee Bucks,4.833333333,5,Eric Bledsoe,0.976643447,58,202339
5.107920036,Milwaukee Bucks,7.490636667,5,Giannis Antetokounmpo,9.399328199,386,203507
5.107920036,Milwaukee Bucks,2.260797333,5,Jabari Parker,2.091840639,294,203953
5.107920036,Milwaukee Bucks,3.807512,5,John Henson,2.668763376,220,203089
5.107920036,Milwaukee Bucks,4.7,5,Khris Middleton,6.055945205,60,203114
5.107920036,Milwaukee Bucks,0.437537,5,Malcolm Brogdon,-5.744191274,361,1627763
5.107920036,Milwaukee Bucks,3.2025,5,Matthew Dellavedova,2.093775997,221,203521
5.107920036,Milwaukee Bucks,0.271871667,5,Sterling Brown,-4.755867567,159,1628425
5.107920036,Milwaukee Bucks,0.89472,5,Thon Maker,3.495255165,26,1627748
5.107920036,Milwaukee Bucks,3.273809667,5,Tony Snell,-1.432089942,61,203503
5.049265225,Detroit Pistons,7.925168667,5,Andre Drummond,7.813129663,28,203083
5.049265225,Detroit Pistons,1.096666667,5,Anthony Tolliver,5.094657324,195,201229
5.049265225,Detroit Pistons,2.936329667,5,Avery Bradley,-2.065530694,15,202340
5.049265225,Detroit Pistons,2.333333333,5,Boban Marjanovic,1.784115152,122,1626246
5.049265225,Detroit Pistons,0.579777667,5,Eric Moreland,-1.82049428,463,203961
5.049265225,Detroit Pistons,0.5936,5,Henry Ellenson,2.163537842,467,1627740
5.049265225,Detroit Pistons,2,5,Ish Smith,-2.451126813,239,202397
5.049265225,Detroit Pistons,3.499106333,5,Jon Leuer,-2.183998184,91,202720
5.049265225,Detroit Pistons,2.222222333,5,Langston Galloway,-0.96362527,27,204038
5.049265225,Detroit Pistons,0.91976,5,Luke Kennard,-1.303197533,438,1628379
5.049265225,Detroit Pistons,0.833333333,5,Reggie Bullock,1.926376508,55,203493
5.049265225,Detroit Pistons,5.333333333,5,Reggie Jackson,-1.931728116,355,202704
5.049265225,Detroit Pistons,1.0326,5,Stanley Johnson,-1.103217171,334,1626169
5.049265225,Detroit Pistons,5.333333333,5,Tobias Harris,7.263382615,10,202699
3.900598636,Los Angeles Lakers,0.776217333,5,Andrew Bogut,-5.905679968,416,101106
3.900598636,Los Angeles Lakers,1.8398,5,Brandon Ingram,1.426550603,514,1627742
3.900598636,Los Angeles Lakers,7.54745,5,Brook Lopez,8.424188036,59,201572
3.900598636,Los Angeles Lakers,2.526455333,5,Corey Brewer,1.172501924,455,201147
3.900598636,Los Angeles Lakers,0.437537,5,Ivica Zubac,-6.193028064,188,1627826
3.900598636,Los Angeles Lakers,3.854166667,5,Jordan Clarkson,-0.045433714,105,203903
3.900598636,Los Angeles Lakers,0.46484,5,Josh Hart,5.108676028,260,1628404
3.900598636,Los Angeles Lakers,1.383080667,5,Julius Randle,1.215125181,43,203944
3.900598636,Los Angeles Lakers,5.915298,5,Kentavious Caldwell-Pope,-4.846215287,437,203484
3.900598636,Los Angeles Lakers,0.47452,5,Kyle Kuzma,1.232262829,167,1628398
3.900598636,Los Angeles Lakers,2.09552,5,Lonzo Ball,-5.538666698,226,1628366
3.900598636,Los Angeles Lakers,5.73,5,Luol Deng,0.414303843,298,2736
3.900598636,Los Angeles Lakers,0.271871667,5,Thomas Bryant,-0.823856867,31,1628418
2.634309708,Dallas Mavericks,1.467515333,5,Devin Harris,-3.482690377,143,2734
2.634309708,Dallas Mavericks,1.666666667,5,Dirk Nowitzki,-5.170735124,426,1717
2.634309708,Dallas Mavericks,0.437537,5,Dorian Finney-Smith,-1.251169601,365,1627827
2.634309708,Dallas Mavericks,3.001041667,5,Dwight Powell,0.989734755,94,203939
2.634309708,Dallas Mavericks,7.704001333,5,Harrison Barnes,-0.03057023,51,203084
2.634309708,Dallas Mavericks,1.3013,5,J.J. Barea,1.568327504,482,200826
2.634309708,Dallas Mavericks,0.271871667,5,Maxi Kleber,6.566625736,345,1628467
2.634309708,Dallas Mavericks,1.395866333,5,Nerlens Noel,-0.362826641,128,203457
2.634309708,Dallas Mavericks,0.490460667,5,Salah Mejri,1.224800035,266,1626257
2.634309708,Dallas Mavericks,1.00947,5,Seth Curry,6.3549726,64,203552
2.634309708,Dallas Mavericks,5.961392,5,Wesley Matthews,-0.578674837,118,202083
2.634309708,Dallas Mavericks,0.437537,5,Yogi Ferrell,-0.538868055,149,1627812
1.767519876,New York Knicks,0.437537,5,Chasson Randle,-4.822402575,151,1626184
1.767519876,New York Knicks,3.915963333,5,Courtney Lee,4.585243401,192,201584
1.767519876,New York Knicks,0.366666667,5,Damyean Dotson,-4.839732461,86,1628422
1.767519876,New York Knicks,1.098331333,5,Doug McDermott,2.62011196,319,203926
1.767519876,New York Knicks,6.855600667,5,Enes Kanter,-0.855103468,222,202683
1.767519876,New York Knicks,1.16704,5,Frank Ntilikina,-3.744505528,415,1628373
1.767519876,New York Knicks,5.921666667,5,Joakim Noah,-1.084896186,449,201149
1.767519876,New York Knicks,2.218441667,5,Lance Thomas,2.791664973,84,202498
1.767519876,New York Knicks,0.705651667,5,Michael Beasley,-1.047088215,391,201563
1.767519876,New York Knicks,1.442666667,5,Ron Baker,-0.369991807,356,1627758
1.767519876,New York Knicks,0.478583333,5,Willy Hernangomez,-3.688182413,312,1626195
1.628278788,Brooklyn Nets,6.444166667,5,Allen Crabbe,-2.107749356,37,203459
1.628278788,Brooklyn Nets,0.54416,5,Caris LeVert,0.284638773,36,1627747
1.628278788,Brooklyn Nets,4.933333333,5,DeMarre Carroll,0.622252705,38,201960
1.628278788,Brooklyn Nets,0.57124,5,Jarrett Allen,-1.448013926,35,1628386
1.628278788,Brooklyn Nets,4,5,Jeremy Lin,-3.519951208,389,202391
1.628278788,Brooklyn Nets,0.508101667,5,Joe Harris,1.875613529,385,203925
1.628278788,Brooklyn Nets,0.569846,5,Quincy Acy,0,288,203112
1.628278788,Brooklyn Nets,0.490460667,5,Rondae Hollis-Jefferson,1.709287518,110,1626178
1.628278788,Brooklyn Nets,0.508101667,5,Spencer Dinwiddie,-4.32262653,180,203915
1.628278788,Brooklyn Nets,0.569846,5,Tyler Zeller,-1.628097148,427,203092
0.394281214,Orlando Magic,1.834806667,5,Aaron Gordon,1.376145962,464,203932
0.394281214,Orlando Magic,5.666666667,5,Bismack Biyombo,-11.04526111,495,202687
0.394281214,Orlando Magic,2.416666667,5,D.J. Augustin,-5.428305759,69,201571
0.394281214,Orlando Magic,1.11078,5,Elfrid Payton,-5.477241067,420,203901
0.394281214,Orlando Magic,5.666666667,5,Evan Fournier,4.536143142,322,203095
0.394281214,Orlando Magic,1.39544,5,Jonathan Isaac,-3.658713008,206,1628371
0.394281214,Orlando Magic,2.1,5,Jonathon Simmons,3.750962555,302,203613
0.394281214,Orlando Magic,0.271871667,5,Khem Birch,-3.180503278,147,203920
0.394281214,Orlando Magic,1.35944,5,Mario Hezonja,-1.338890102,146,1626209
0.394281214,Orlando Magic,4.083333333,5,Nikola Vucevic,7.407794323,70,202696
0.394281214,Orlando Magic,2,5,Shelvin Mack,3.193547255,435,202714
0.394281214,Orlando Magic,3.5,5,Terrence Ross,9.65813179,71,203082
-0.49881092,Memphis Grizzlies,0.437537,5,Andrew Harrison,-2.577588251,241,1626150
-0.49881092,Memphis Grizzlies,1.733333333,5,Ben McLemore,3.100224083,278,203463
-0.49881092,Memphis Grizzlies,7.704001333,5,Chandler Parsons,-0.601625025,307,202718
-0.49881092,Memphis Grizzlies,0.437537,5,Deyonta Davis,-8.507289632,473,1627738
-0.49881092,Memphis Grizzlies,0.271871667,5,Dillon Brooks,-3.743150455,217,1628415
-0.49881092,Memphis Grizzlies,0.316666667,5,Ivan Rabb,-5.663528038,247,1628397
-0.49881092,Memphis Grizzlies,2.844444333,5,JaMychal Green,-2.886188586,83,203210
-0.49881092,Memphis Grizzlies,0.490460667,5,Jarell Martin,1.60550148,132,1626185
-0.49881092,Memphis Grizzlies,7.54745,5,Marc Gasol,2.476898789,13,201188
-0.49881092,Memphis Grizzlies,9.510202667,5,Mike Conley,8.643611381,335,201144
-0.49881092,Memphis Grizzlies,1.096666667,5,Tyreke Evans,0.255388466,163,201936
-0.49881092,Memphis Grizzlies,0.437537,5,Wayne Selden,-5.280176275,6,1627782
-1.257988701,Sacramento Kings,1.096666667,5,Anthony Tolliver,5.094657324,195,201229
-1.257988701,Sacramento Kings,3.156871333,5,Bogdan Bogdanovic,4.892263323,407,203992
-1.257988701,Sacramento Kings,1.22516,5,Buddy Hield,0.311037075,481,1627741
-1.257988701,Sacramento Kings,0.394795,5,Frank Mason,-5.749224463,440,1628412
-1.257988701,Sacramento Kings,2.666666667,5,Garrett Temple,0.064067061,318,202066
-1.257988701,Sacramento Kings,6.666666667,5,George Hill,3.583514577,347,201588
-1.257988701,Sacramento Kings,0.78852,5,Justin Jackson,2.009809911,472,1628382
-1.257988701,Sacramento Kings,2.797666667,5,Kosta Koufos,1.424228514,162,201585
-1.257988701,Sacramento Kings,0.50152,5,Malachi Richardson,-1.948363029,267,1627781
-1.257988701,Sacramento Kings,0.437537,5,Skal Labissiere,-2.680424738,65,1627746
-1.257988701,Sacramento Kings,2.666666667,5,Vince Carter,-1.433745023,255,1713
-1.257988701,Sacramento Kings,1.23472,5,Willie Cauley-Stein,5.60008416,238,1626161
-1.539041969,Chicago Bulls,0.50544,5,Bobby Portis,-0.825468701,287,1626171
-1.539041969,Chicago Bulls,0.73448,5,Cameron Payne,-6.411524864,436,1626166
-1.539041969,Chicago Bulls,2.6145,5,Cristiano Felicio,-3.478247822,5,1626245
-1.539041969,Chicago Bulls,0.437537,5,David Nwaba,3.166693101,328,1628021
-1.539041969,Chicago Bulls,5.183333333,5,Dwyane Wade,0.838989117,299,2548
-1.539041969,Chicago Bulls,0.066666667,5,Isaiah Canaan,-6.209009575,433,203477
-1.539041969,Chicago Bulls,0.57128,5,Jerian Grant,-3.947750883,398,1626170
-1.539041969,Chicago Bulls,1.538461667,5,Justin Holiday,-3.341122285,7,203200
-1.539041969,Chicago Bulls,1.34892,5,Kris Dunn,-0.899889235,448,1627739
-1.539041969,Chicago Bulls,1.27388,5,Lauri Markkanen,0.717665056,295,1628374
-1.539041969,Chicago Bulls,4.166666667,5,Nikola Mirotic,1.762928648,90,202703
-1.539041969,Chicago Bulls,1.284643667,5,Quincy Pondexter,3.474406781,200,202347
-1.539041969,Chicago Bulls,1.1,5,Rajon Rondo,-3.268296284,168,200765
-1.539041969,Chicago Bulls,4.596166667,5,Robin Lopez,3.294456163,4,201577
-1.539041969,Chicago Bulls,1.067405667,5,Zach LaVine,1.829799694,390,203897
-3.470284758,Phoenix Suns,2,5,Alan Williams,0.108188888,300,1626210
-3.470284758,Phoenix Suns,1.395866333,5,Alex Len,3.904286887,32,203458
-3.470284758,Phoenix Suns,4.539583333,5,Brandon Knight,1.216936969,104,202688
-3.470284758,Phoenix Suns,0.271871667,5,Davon Reed,2.232766988,346,1628432
-3.470284758,Phoenix Suns,0.77312,5,Devin Booker,5.910096506,211,1626164
-3.470284758,Phoenix Suns,1.4896,5,Dragan Bender,-10.81339564,442,1627733
-3.470284758,Phoenix Suns,5.961392,5,Greg Monroe,0.500178278,394,202328
-3.470284758,Phoenix Suns,3.333333333,5,Jared Dudley,5.887734956,275,201162
-3.470284758,Phoenix Suns,1.69668,5,Josh Jackson,-0.234137077,210,1628367
-3.470284758,Phoenix Suns,1.0246,5,Marquese Chriss,-2.360165107,409,1627737
-3.470284758,Phoenix Suns,1.050977,5,T.J. Warren,5.711320337,513,203933
-3.470284758,Phoenix Suns,1.136173333,5,Troy Daniels,6.254900802,49,203584
-3.470284758,Phoenix Suns,0.437537,5,Tyler Ulis,0.235509195,522,1627755
-3.470284758,Phoenix Suns,4.333333333,5,Tyson Chandler,0.923523082,284,2199
11.46367947,Toronto Raptors ,0.271871667,5,Alfonzo McKinnie,-1.987417619,19,1628035
11.46367947,Toronto Raptors ,0.817075,5,Bruno Caboclo,-5.137537666,418,203998
11.46367947,Toronto Raptors ,0.5484,5,Delon Wright,0.355165377,16,1626153
11.46367947,Toronto Raptors ,9.246658333,5,DeMar DeRozan,-0.419637724,475,201942
11.46367947,Toronto Raptors ,0.437537,5,Fred VanVleet,7.313465521,380,1627832
11.46367947,Toronto Raptors ,0.94188,5,Jakob Poeltl,-0.077466038,97,1627751
11.46367947,Toronto Raptors ,5.153558333,5,Jonas Valanciunas,2.728022576,378,202685
11.46367947,Toronto Raptors ,9.567901333,5,Kyle Lowry,2.103909634,12,200768
11.46367947,Toronto Raptors ,0.490460667,5,Norman Powell,3.383877288,152,1626181
11.46367947,Toronto Raptors ,0.5484,5,OG Anunoby,-3.779657659,14,1628384
11.46367947,Toronto Raptors ,0.437537,5,Pascal Siakam,-0.092243364,165,1627783
11.46367947,Toronto Raptors ,6.687243,5,Serge Ibaka,-0.221860339,293,201586
6.237947831,Cleveland Cavaliers,0.5484,5,Ante Zizic,4.849427309,108,1627790
6.237947831,Cleveland Cavaliers,0.880952333,5,Cedi Osman,-1.263713708,106,1626224
6.237947831,Cleveland Cavaliers,2.473637333,5,Channing Frye,0.055565564,429,101112
6.237947831,Cleveland Cavaliers,0.705651667,5,Derrick Rose,4.608070947,452,201565
6.237947831,Cleveland Cavaliers,5.183333333,5,Dwyane Wade,0.838989117,299,2548
6.237947831,Cleveland Cavaliers,3.445693,5,Iman Shumpert,-4.923597914,111,202697
6.237947831,Cleveland Cavaliers,2.087131667,5,Isaiah Thomas,0.250967134,396,202738
6.237947831,Cleveland Cavaliers,2.265372333,5,Jae Crowder,-4.742375918,114,203109
6.237947831,Cleveland Cavaliers,0.705651667,5,Jeff Green,3.095738446,453,201145
6.237947831,Cleveland Cavaliers,0.776217333,5,Jose Calderon,-3.678159945,483,101181
6.237947831,Cleveland Cavaliers,7.54745,5,Kevin Love,1.535244708,412,201567
6.237947831,Cleveland Cavaliers,2.333333333,5,Kyle Korver,3.052043539,113,2594
6.237947831,Cleveland Cavaliers,11.09523633,5,LeBron James,7.284820557,225,2544
6.237947831,Cleveland Cavaliers,5.466666667,5,Tristan Thompson,0.779732389,154,202684
0,Atlanta Hawks,5.166666667,5,Dennis Schroder,3.580498172,243,203471
0,Atlanta Hawks,2,5,Dewayne Dedmon,-1.154715544,233,203473
0,Atlanta Hawks,2,5,Ersan Ilyasova,-1.821536196,428,101141
0,Atlanta Hawks,3.647587333,5,Jamal Crawford,-3.567059171,374,2037
0,Atlanta Hawks,0.64564,5,John Collins,5.145659999,271,1628381
0,Atlanta Hawks,5.636704333,5,Kent Bazemore,5.306824197,156,203145
0,Atlanta Hawks,2.20202,5,Marco Belinelli,-3.328868922,99,201158
0,Atlanta Hawks,1.666666667,5,Mike Muscala,-0.875371405,56,203488
0,Atlanta Hawks,4.166666667,5,Miles Plumlee,-1.539389147,484,203101
0,Atlanta Hawks,0.033333333,5,Quinn Cook,-4.242515463,254,1626188
0,Atlanta Hawks,0.016666667,5,Tyler Cavanaugh,-2.524172945,476,1628463
0,Atlanta Hawks,0.271871667,5,Tyler Dorsey,5.183121483,8,1628416
